{
  "success": true,
  "data": [
    {
      "id": 1,
      "marca": "PALIO/UNO/SIENA",
      "carro": "FIRE 1.0 141C2000/156A2246",
      "motor": "48,00",
      "fixo": 38.0,
      "biela": 24.0,
      "lateral": 32.45,
      "curso": 21.0,
      "mancal": "78,70",
      "diametro": "70,00X64,90",
      "altura": "41,12/41,14",
      "ferro": "70,00"
    },
    {
      "id": 2,
      "marca": "PALIO/UNO/SIENA",
      "carro": "FIRE 1.3 169A4000/188A4000",
      "motor": "48,00",
      "fixo": 42.0,
      "biela": 24.0,
      "lateral": 39.45,
      "curso": 24.0,
      "mancal": "81,35",
      "diametro": "70,80X78,90",
      "altura": "45,12/45,14",
      "ferro": "70,80"
    },
    {
      "id": 3,
      "marca": "FIAF500/UNO/STRADA",
      "carro": "FIRE 1.4 178F3011/350A1000",
      "motor": "48,00",
      "fixo": 42.0,
      "biela": 24.0,
      "lateral": 42.0,
      "curso": 28.0,
      "mancal": "86,00",
      "diametro": "72,00X84,00",
      "altura": "45,12/45,14",
      "ferro": "72,00"
    },
    {
      "id": 4,
      "marca": "PALIO/UNO/SIENA",
      "carro": "FIASA 1.0 1000mpi",
      "motor": "48,20",
      "fixo": 44.01,
      "biela": 32.5,
      "lateral": 27.4,
      "curso": 19.0,
      "mancal": "77,50",
      "diametro": "76,00X54,80",
      "altura": "47,13/47,14",
      "ferro": "76,00"
    },
    {
      "id": 5,
      "marca": "FIAT 147/FIORINO/SPAZIO",
      "carro": "FIASA 1050 127A000/156A004",
      "motor": "48,20",
      "fixo": 44.01,
      "biela": 32.5,
      "lateral": 28.5,
      "curso": 20.0,
      "mancal": "78,50",
      "diametro": "76,00/57,80",
      "altura": "47,13/47,14",
      "ferro": "76,00"
    },
    {
      "id": 6,
      "marca": "FIAT 147/OGGI/FIORINO/UNO",
      "carro": "FIASA 1300",
      "motor": "48,20",
      "fixo": 44.01,
      "biela": 32.5,
      "lateral": 35.75,
      "curso": 23.0,
      "mancal": "84,50",
      "diametro": "76,00/71,50",
      "altura": "47,13/47,14",
      "ferro": "76,00"
    },
    {
      "id": 7,
      "marca": "PALIO/UNO/SIENA",
      "carro": "FIASA 1500 E201",
      "motor": "48,20",
      "fixo": 44.01,
      "biela": 32.5,
      "lateral": 41.25,
      "curso": 28.0,
      "mancal": "90,00",
      "diametro": "76,00/82,50",
      "altura": "47,13/47,14",
      "ferro": "76,00"
    },
    {
      "id": 8,
      "marca": "UNO TURBO",
      "carro": "SEVEL 1.4 146C1/160A",
      "motor": "50,80",
      "fixo": 45.52,
      "biela": 27.0,
      "lateral": 33.7,
      "curso": 22.0,
      "mancal": "86,30",
      "diametro": "80,50X67,40",
      "altura": "48,63/48,64",
      "ferro": "80,50"
    },
    {
      "id": 9,
      "marca": "GOL/FOX/VOYAGE/SAVEIRO",
      "carro": "EA111 1.0",
      "motor": "53,97",
      "fixo": 47.77,
      "biela": 25.0,
      "lateral": 37.8,
      "curso": 76.5,
      "mancal": "50,60/50,61",
      "diametro": "76,50X75,60",
      "altura": "50,60/50,61",
      "ferro": "76,50"
    },
    {
      "id": 10,
      "marca": "GOL/FOX/GOLF/SAVEIRO",
      "carro": "EA111 1.6",
      "motor": "53,97",
      "fixo": 47.77,
      "biela": 25.0,
      "lateral": 38.7,
      "curso": 81.01,
      "mancal": "50,60/50,61",
      "diametro": "81,01X77,40",
      "altura": "50,60/50,61",
      "ferro": "81,01"
    }
  ],
  "total": 10,
  "message": "✅ 10 eixos carregados da planilha offline"
}
